LinkInstanceName,NativeObjectName,StartInstanceName,NativeObjectName,EndInstanceName,ObjectEndInstance
"Blacksmith Fork;to Hyrum Reservoir","Diversion","Blacksmith Fork to Hyrum Reservoir Outfl","Diversion Outflow","Blacksmith Fork to Hyrum Reservoir Inflo","Tributary Inflow"
"From Box Elder County Urban to Withdrawal Node 4","Return Flow","Box Elder;County Urban (6)","Demand Site","Withdrawal Node 4","River Withdrawal"
"Return Flow","Return Flow","New Box Elder County;Agriculture (7)","Demand Site","Return Flow Node 1","Return Flow"
"Return Flow","Return Flow","Bird Refuge (3)","Demand Site","Return Flow Node 2","Return Flow"
"Return Flow","Return Flow","New Cache County;M and I (8)","Demand Site","Return Flow Node 3","Return Flow"
"Return Flow","Return Flow","Cache Valley Agriculture (5)","Demand Site","Return Flow Node 3","Return Flow"
"Return Flow","Return Flow","South Cache;Existing (4)","Demand Site","Blacksmith Fork Inflow","Tributary Inflow"
"Return Flow","Return Flow","South Cache;New (4)","Demand Site","Blacksmith Fork Inflow","Tributary Inflow"
"Malad River","River","Dummy Junction2 (99)","Demand Site","Dummy Junction2 (99)","Demand Site"
"Malad River","River","Dummy Junction2 (99)","Demand Site","Dummy Junction2 (99)","Demand Site"
"Malad River","River","Dummy Junction2 (99)","Demand Site","Dummy Junction2 (99)","Demand Site"
"Malad River","River","Dummy Junction2 (99)","Demand Site","Dummy Junction2 (99)","Demand Site"
"Malad River","River","Dummy Junction2 (99)","Demand Site","Dummy Junction2 (99)","Demand Site"
"Malad River","River","Dummy Junction2 (99)","Demand Site","Dummy Junction2 (99)","Demand Site"
"Malad River","River","Dummy Junction2 (99)","Demand Site","Dummy Junction2 (99)","Demand Site"
"Malad River","River","Dummy Junction2 (99)","Demand Site","Dummy Junction2 (99)","Demand Site"
"Malad River","River","Dummy Junction2 (99)","Demand Site","Dummy Junction2 (99)","Demand Site"
"Malad River","River","Dummy Junction2 (99)","Demand Site","Dummy Junction2 (99)","Demand Site"
"Malad River","River","Dummy Junction2 (99)","Demand Site","Dummy Junction2 (99)","Demand Site"
"Malad River","River","Dummy Junction2 (99)","Demand Site","Dummy Junction2 (99)","Demand Site"
"Malad River","River","Dummy Junction2 (99)","Demand Site","Dummy Junction2 (99)","Demand Site"
"Malad River","River","Dummy Junction2 (99)","Demand Site","Dummy Junction2 (99)","Demand Site"
"Malad River","River","Dummy Junction2 (99)","Demand Site","Dummy Junction2 (99)","Demand Site"
"Malad River","River","Dummy Junction2 (99)","Demand Site","Dummy Junction2 (99)","Demand Site"
"Malad River","River","Dummy Junction2 (99)","Demand Site","Dummy Junction2 (99)","Demand Site"
"Malad River","River","Dummy Junction2 (99)","Demand Site","Dummy Junction2 (99)","Demand Site"
"Malad River","River","Dummy Junction2 (99)","Demand Site","Dummy Junction2 (99)","Demand Site"
"Blacksmith Fork","River","Dummy Junction2 (99)","Demand Site","Blacksmith Fork Inflow","Tributary Inflow"
"Weber Surplus","River","Dummy Junction2 (99)","Demand Site","Dummy Junction2 (99)","Demand Site"
"Weber Surplus","River","Dummy Junction2 (99)","Demand Site","Dummy Junction2 (99)","Demand Site"
"Weber Surplus","River","Dummy Junction2 (99)","Demand Site","Dummy Junction2 (99)","Demand Site"
"Weber Surplus","River","Dummy Junction2 (99)","Demand Site","Dummy Junction2 (99)","Demand Site"
"Weber Surplus","River","Dummy Junction2 (99)","Demand Site","Dummy Junction2 (99)","Demand Site"
"Weber Surplus","River","Dummy Junction2 (99)","Demand Site","Dummy Junction2 (99)","Demand Site"
"Weber Surplus","River","Dummy Junction2 (99)","Demand Site","Dummy Junction2 (99)","Demand Site"
"Weber Surplus","River","Dummy Junction2 (99)","Demand Site","Dummy Junction2 (99)","Demand Site"
"Weber Surplus","River","Dummy Junction2 (99)","Demand Site","Dummy Junction2 (99)","Demand Site"
"Weber Surplus","River","Dummy Junction2 (99)","Demand Site","Dummy Junction2 (99)","Demand Site"
"Weber Surplus","River","Dummy Junction2 (99)","Demand Site","Dummy Junction2 (99)","Demand Site"
"Weber Surplus","River","Dummy Junction2 (99)","Demand Site","Dummy Junction2 (99)","Demand Site"
"Weber Surplus","River","Dummy Junction2 (99)","Demand Site","Dummy Junction2 (99)","Demand Site"
"Weber Surplus","River","Dummy Junction2 (99)","Demand Site","Dummy Junction2 (99)","Demand Site"
"Weber Surplus","River","Dummy Junction2 (99)","Demand Site","Dummy Junction2 (99)","Demand Site"
"Weber Surplus","River","Dummy Junction2 (99)","Demand Site","Dummy Junction2 (99)","Demand Site"
"Weber Surplus","River","Dummy Junction2 (99)","Demand Site","Dummy Junction2 (99)","Demand Site"
"Weber Surplus","River","Dummy Junction2 (99)","Demand Site","Dummy Junction2 (99)","Demand Site"
"Weber Surplus","River","Dummy Junction2 (99)","Demand Site","Dummy Junction2 (99)","Demand Site"
"Little Bear River","River","Dummy Junction2 (99)","Demand Site","Dummy Junction2 (99)","Demand Site"
"Little Bear River","River","Dummy Junction2 (99)","Demand Site","Dummy Junction2 (99)","Demand Site"
"Little Bear River","River","Dummy Junction2 (99)","Demand Site","Dummy Junction2 (99)","Demand Site"
"Little Bear River","River","Dummy Junction2 (99)","Demand Site","Dummy Junction2 (99)","Demand Site"
"Little Bear River","River","Dummy Junction2 (99)","Demand Site","Dummy Junction2 (99)","Demand Site"
"Little Bear River","River","Dummy Junction2 (99)","Demand Site","Dummy Junction2 (99)","Demand Site"
"Little Bear River","River","Dummy Junction2 (99)","Demand Site","Dummy Junction2 (99)","Demand Site"
"Little Bear River","River","Dummy Junction2 (99)","Demand Site","Dummy Junction2 (99)","Demand Site"
"Little Bear River","River","Dummy Junction2 (99)","Demand Site","Dummy Junction2 (99)","Demand Site"
"Little Bear River","River","Dummy Junction2 (99)","Demand Site","Dummy Junction2 (99)","Demand Site"
"Little Bear River","River","Dummy Junction2 (99)","Demand Site","Dummy Junction2 (99)","Demand Site"
"Little Bear River","River","Dummy Junction2 (99)","Demand Site","Dummy Junction2 (99)","Demand Site"
"Little Bear River","River","Dummy Junction2 (99)","Demand Site","Dummy Junction2 (99)","Demand Site"
"Little Bear River","River","Dummy Junction2 (99)","Demand Site","Dummy Junction2 (99)","Demand Site"
"Little Bear River","River","Dummy Junction2 (99)","Demand Site","Dummy Junction2 (99)","Demand Site"
"Little Bear River","River","Dummy Junction2 (99)","Demand Site","Dummy Junction2 (99)","Demand Site"
"Little Bear River","River","Dummy Junction2 (99)","Demand Site","Dummy Junction2 (99)","Demand Site"
"Little Bear River","River","Dummy Junction2 (99)","Demand Site","Dummy Junction2 (99)","Demand Site"
"Little Bear River","River","Dummy Junction2 (99)","Demand Site","Dummy Junction2 (99)","Demand Site"
"Bear River","River","Dummy Junction2 (99)","Demand Site","Dummy Junction2 (99)","Demand Site"
"Bear River","River","Dummy Junction2 (99)","Demand Site","Dummy Junction2 (99)","Demand Site"
"Bear River","River","Dummy Junction2 (99)","Demand Site","Dummy Junction2 (99)","Demand Site"
"Bear River","River","Dummy Junction2 (99)","Demand Site","Dummy Junction2 (99)","Demand Site"
"Bear River","River","Dummy Junction2 (99)","Demand Site","Dummy Junction2 (99)","Demand Site"
"Bear River","River","Dummy Junction2 (99)","Demand Site","Dummy Junction2 (99)","Demand Site"
"Bear River","River","Dummy Junction2 (99)","Demand Site","Dummy Junction2 (99)","Demand Site"
"Bear River","River","Dummy Junction2 (99)","Demand Site","Dummy Junction2 (99)","Demand Site"
"Bear River","River","Dummy Junction2 (99)","Demand Site","Dummy Junction2 (99)","Demand Site"
"Bear River","River","Dummy Junction2 (99)","Demand Site","Dummy Junction2 (99)","Demand Site"
"Bear River","River","Dummy Junction2 (99)","Demand Site","Dummy Junction2 (99)","Demand Site"
"Bear River","River","Dummy Junction2 (99)","Demand Site","Dummy Junction2 (99)","Demand Site"
"Bear River","River","Dummy Junction2 (99)","Demand Site","Dummy Junction2 (99)","Demand Site"
"Bear River","River","Dummy Junction2 (99)","Demand Site","Dummy Junction2 (99)","Demand Site"
"Bear River","River","Dummy Junction2 (99)","Demand Site","Dummy Junction2 (99)","Demand Site"
"Bear River","River","Dummy Junction2 (99)","Demand Site","Dummy Junction2 (99)","Demand Site"
"Bear River","River","Dummy Junction2 (99)","Demand Site","Dummy Junction2 (99)","Demand Site"
"Bear River","River","Dummy Junction2 (99)","Demand Site","Dummy Junction2 (99)","Demand Site"
"Bear River","River","Dummy Junction2 (99)","Demand Site","Dummy Junction2 (99)","Demand Site"
"Transmission ","Transmission Link","Withdrawal Node 2","River Withdrawal","Bear River;Canal Company (2)","Demand Site"
"Transmission ","Transmission Link","Withdrawal Node 2","River Withdrawal","Bear River;Canal Company (2)","Demand Site"
"Transmission ","Transmission Link","Withdrawal Node 2","River Withdrawal","Bear River;Canal Company (2)","Demand Site"
"Transmission ","Transmission Link","Withdrawal Node 2","River Withdrawal","Bear River;Canal Company (2)","Demand Site"
"Transmission ","Transmission Link","Withdrawal Node 2","River Withdrawal","Bear River;Canal Company (2)","Demand Site"
"Transmission ","Transmission Link","Withdrawal Node 2","River Withdrawal","Bear River;Canal Company (2)","Demand Site"
"Transmission ","Transmission Link","Withdrawal Node 2","River Withdrawal","Bear River;Canal Company (2)","Demand Site"
"Transmission ","Transmission Link","Withdrawal Node 2","River Withdrawal","Bear River;Canal Company (2)","Demand Site"
"Transmission ","Transmission Link","Withdrawal Node 2","River Withdrawal","Bear River;Canal Company (2)","Demand Site"
"Transmission ","Transmission Link","Withdrawal Node 2","River Withdrawal","Bear River;Canal Company (2)","Demand Site"
"Transmission ","Transmission Link","Withdrawal Node 2","River Withdrawal","Bear River;Canal Company (2)","Demand Site"
"Transmission ","Transmission Link","Withdrawal Node 2","River Withdrawal","Bear River;Canal Company (2)","Demand Site"
"Transmission ","Transmission Link","Withdrawal Node 2","River Withdrawal","Bear River;Canal Company (2)","Demand Site"
"Transmission ","Transmission Link","Withdrawal Node 2","River Withdrawal","Bear River;Canal Company (2)","Demand Site"
"Transmission ","Transmission Link","Withdrawal Node 2","River Withdrawal","Bear River;Canal Company (2)","Demand Site"
"Transmission ","Transmission Link","Withdrawal Node 2","River Withdrawal","Bear River;Canal Company (2)","Demand Site"
"Transmission ","Transmission Link","Withdrawal Node 2","River Withdrawal","Bear River;Canal Company (2)","Demand Site"
"Transmission ","Transmission Link","Withdrawal Node 2","River Withdrawal","Bear River;Canal Company (2)","Demand Site"
"Transmission ","Transmission Link","Withdrawal Node 2","River Withdrawal","Bear River;Canal Company (2)","Demand Site"
"Transmission ","Transmission Link","Withdrawal Node 2","River Withdrawal","New Box Elder County;Agriculture (7)","Demand Site"
"Transmission ","Transmission Link","Withdrawal Node 2","River Withdrawal","New Box Elder County;Agriculture (7)","Demand Site"
"Transmission ","Transmission Link","Withdrawal Node 2","River Withdrawal","New Box Elder County;Agriculture (7)","Demand Site"
"Transmission ","Transmission Link","Withdrawal Node 2","River Withdrawal","New Box Elder County;Agriculture (7)","Demand Site"
"Transmission ","Transmission Link","Withdrawal Node 2","River Withdrawal","New Box Elder County;Agriculture (7)","Demand Site"
"Transmission ","Transmission Link","Withdrawal Node 2","River Withdrawal","New Box Elder County;Agriculture (7)","Demand Site"
"Transmission ","Transmission Link","Withdrawal Node 2","River Withdrawal","New Box Elder County;Agriculture (7)","Demand Site"
"Transmission ","Transmission Link","Withdrawal Node 2","River Withdrawal","New Box Elder County;Agriculture (7)","Demand Site"
"Transmission ","Transmission Link","Withdrawal Node 2","River Withdrawal","New Box Elder County;Agriculture (7)","Demand Site"
"Transmission ","Transmission Link","Withdrawal Node 2","River Withdrawal","New Box Elder County;Agriculture (7)","Demand Site"
"Transmission ","Transmission Link","Withdrawal Node 2","River Withdrawal","New Box Elder County;Agriculture (7)","Demand Site"
"Transmission ","Transmission Link","Withdrawal Node 2","River Withdrawal","New Box Elder County;Agriculture (7)","Demand Site"
"Transmission ","Transmission Link","Withdrawal Node 2","River Withdrawal","New Box Elder County;Agriculture (7)","Demand Site"
"Transmission ","Transmission Link","Withdrawal Node 2","River Withdrawal","New Box Elder County;Agriculture (7)","Demand Site"
"Transmission ","Transmission Link","Withdrawal Node 2","River Withdrawal","New Box Elder County;Agriculture (7)","Demand Site"
"Transmission ","Transmission Link","Withdrawal Node 2","River Withdrawal","New Box Elder County;Agriculture (7)","Demand Site"
"Transmission ","Transmission Link","Withdrawal Node 2","River Withdrawal","New Box Elder County;Agriculture (7)","Demand Site"
"Transmission ","Transmission Link","Withdrawal Node 2","River Withdrawal","New Box Elder County;Agriculture (7)","Demand Site"
"Transmission ","Transmission Link","Withdrawal Node 2","River Withdrawal","New Box Elder County;Agriculture (7)","Demand Site"
"Transmission ","Transmission Link","Withdrawal Node 4","River Withdrawal","Bird Refuge (3)","Demand Site"
"Transmission ","Transmission Link","Withdrawal Node 4","River Withdrawal","Bird Refuge (3)","Demand Site"
"Transmission ","Transmission Link","Withdrawal Node 4","River Withdrawal","Bird Refuge (3)","Demand Site"
"Transmission ","Transmission Link","Withdrawal Node 4","River Withdrawal","Bird Refuge (3)","Demand Site"
"Transmission ","Transmission Link","Withdrawal Node 4","River Withdrawal","Bird Refuge (3)","Demand Site"
"Transmission ","Transmission Link","Withdrawal Node 4","River Withdrawal","Bird Refuge (3)","Demand Site"
"Transmission ","Transmission Link","Withdrawal Node 4","River Withdrawal","Bird Refuge (3)","Demand Site"
"Transmission ","Transmission Link","Withdrawal Node 4","River Withdrawal","Bird Refuge (3)","Demand Site"
"Transmission ","Transmission Link","Withdrawal Node 4","River Withdrawal","Bird Refuge (3)","Demand Site"
"Transmission ","Transmission Link","Withdrawal Node 4","River Withdrawal","Bird Refuge (3)","Demand Site"
"Transmission ","Transmission Link","Withdrawal Node 4","River Withdrawal","Bird Refuge (3)","Demand Site"
"Transmission ","Transmission Link","Withdrawal Node 4","River Withdrawal","Bird Refuge (3)","Demand Site"
"Transmission ","Transmission Link","Withdrawal Node 4","River Withdrawal","Bird Refuge (3)","Demand Site"
"Transmission ","Transmission Link","Withdrawal Node 4","River Withdrawal","Bird Refuge (3)","Demand Site"
"Transmission ","Transmission Link","Withdrawal Node 4","River Withdrawal","Bird Refuge (3)","Demand Site"
"Transmission ","Transmission Link","Withdrawal Node 4","River Withdrawal","Bird Refuge (3)","Demand Site"
"Transmission ","Transmission Link","Withdrawal Node 4","River Withdrawal","Bird Refuge (3)","Demand Site"
"Transmission ","Transmission Link","Withdrawal Node 4","River Withdrawal","Bird Refuge (3)","Demand Site"
"Transmission ","Transmission Link","Withdrawal Node 4","River Withdrawal","Bird Refuge (3)","Demand Site"
"Transmission ","Transmission Link","Withdrawal Node 5","River Withdrawal","Cache Valley Agriculture (5)","Demand Site"
"Transmission ","Transmission Link","Withdrawal Node 5","River Withdrawal","Cache Valley Agriculture (5)","Demand Site"
"Transmission ","Transmission Link","Withdrawal Node 5","River Withdrawal","Cache Valley Agriculture (5)","Demand Site"
"Transmission ","Transmission Link","Withdrawal Node 5","River Withdrawal","Cache Valley Agriculture (5)","Demand Site"
"Transmission ","Transmission Link","Withdrawal Node 5","River Withdrawal","Cache Valley Agriculture (5)","Demand Site"
"Transmission ","Transmission Link","Withdrawal Node 5","River Withdrawal","Cache Valley Agriculture (5)","Demand Site"
"Transmission ","Transmission Link","Withdrawal Node 5","River Withdrawal","Cache Valley Agriculture (5)","Demand Site"
"Transmission ","Transmission Link","Withdrawal Node 5","River Withdrawal","Cache Valley Agriculture (5)","Demand Site"
"Transmission ","Transmission Link","Withdrawal Node 5","River Withdrawal","Cache Valley Agriculture (5)","Demand Site"
"Transmission ","Transmission Link","Withdrawal Node 5","River Withdrawal","Cache Valley Agriculture (5)","Demand Site"
"Transmission ","Transmission Link","Withdrawal Node 5","River Withdrawal","Cache Valley Agriculture (5)","Demand Site"
"Transmission ","Transmission Link","Withdrawal Node 5","River Withdrawal","Cache Valley Agriculture (5)","Demand Site"
"Transmission ","Transmission Link","Withdrawal Node 5","River Withdrawal","Cache Valley Agriculture (5)","Demand Site"
"Transmission ","Transmission Link","Withdrawal Node 5","River Withdrawal","Cache Valley Agriculture (5)","Demand Site"
"Transmission ","Transmission Link","Withdrawal Node 5","River Withdrawal","Cache Valley Agriculture (5)","Demand Site"
"Transmission ","Transmission Link","Withdrawal Node 5","River Withdrawal","Cache Valley Agriculture (5)","Demand Site"
"Transmission ","Transmission Link","Withdrawal Node 5","River Withdrawal","Cache Valley Agriculture (5)","Demand Site"
"Transmission ","Transmission Link","Withdrawal Node 5","River Withdrawal","Cache Valley Agriculture (5)","Demand Site"
"Transmission ","Transmission Link","Withdrawal Node 5","River Withdrawal","Cache Valley Agriculture (5)","Demand Site"
"Transmission ","Transmission Link","Cache Groundwater","Groundwater","New Cache County;M and I (8)","Demand Site"
"Transmission ","Transmission Link","Cache Groundwater","Groundwater","New Cache County;M and I (8)","Demand Site"
"Transmission ","Transmission Link","Cache Groundwater","Groundwater","New Cache County;M and I (8)","Demand Site"
"Transmission ","Transmission Link","Cache Groundwater","Groundwater","New Cache County;M and I (8)","Demand Site"
"Transmission ","Transmission Link","Cache Groundwater","Groundwater","New Cache County;M and I (8)","Demand Site"
"Transmission ","Transmission Link","Cache Groundwater","Groundwater","New Cache County;M and I (8)","Demand Site"
"Transmission ","Transmission Link","Cache Groundwater","Groundwater","New Cache County;M and I (8)","Demand Site"
"Transmission ","Transmission Link","Cache Groundwater","Groundwater","New Cache County;M and I (8)","Demand Site"
"Transmission ","Transmission Link","Cache Groundwater","Groundwater","New Cache County;M and I (8)","Demand Site"
"Transmission ","Transmission Link","Cache Groundwater","Groundwater","New Cache County;M and I (8)","Demand Site"
"Transmission ","Transmission Link","Cache Groundwater","Groundwater","New Cache County;M and I (8)","Demand Site"
"Transmission ","Transmission Link","Cache Groundwater","Groundwater","New Cache County;M and I (8)","Demand Site"
"Transmission ","Transmission Link","Cache Groundwater","Groundwater","New Cache County;M and I (8)","Demand Site"
"Transmission ","Transmission Link","Cache Groundwater","Groundwater","New Cache County;M and I (8)","Demand Site"
"Transmission ","Transmission Link","Cache Groundwater","Groundwater","New Cache County;M and I (8)","Demand Site"
"Transmission ","Transmission Link","Cache Groundwater","Groundwater","New Cache County;M and I (8)","Demand Site"
"Transmission ","Transmission Link","Cache Groundwater","Groundwater","New Cache County;M and I (8)","Demand Site"
"Transmission ","Transmission Link","Cache Groundwater","Groundwater","New Cache County;M and I (8)","Demand Site"
"Transmission ","Transmission Link","Cache Groundwater","Groundwater","New Cache County;M and I (8)","Demand Site"
"Transmission ","Transmission Link","Withdrawal Node 6","River Withdrawal","New Cache County;M and I (8)","Demand Site"
"Transmission ","Transmission Link","Withdrawal Node 6","River Withdrawal","New Cache County;M and I (8)","Demand Site"
"Transmission ","Transmission Link","Withdrawal Node 6","River Withdrawal","New Cache County;M and I (8)","Demand Site"
"Transmission ","Transmission Link","Withdrawal Node 6","River Withdrawal","New Cache County;M and I (8)","Demand Site"
"Transmission ","Transmission Link","Withdrawal Node 6","River Withdrawal","New Cache County;M and I (8)","Demand Site"
"Transmission ","Transmission Link","Withdrawal Node 6","River Withdrawal","New Cache County;M and I (8)","Demand Site"
"Transmission ","Transmission Link","Withdrawal Node 6","River Withdrawal","New Cache County;M and I (8)","Demand Site"
"Transmission ","Transmission Link","Withdrawal Node 6","River Withdrawal","New Cache County;M and I (8)","Demand Site"
"Transmission ","Transmission Link","Withdrawal Node 6","River Withdrawal","New Cache County;M and I (8)","Demand Site"
"Transmission ","Transmission Link","Withdrawal Node 6","River Withdrawal","New Cache County;M and I (8)","Demand Site"
"Transmission ","Transmission Link","Withdrawal Node 6","River Withdrawal","New Cache County;M and I (8)","Demand Site"
"Transmission ","Transmission Link","Withdrawal Node 6","River Withdrawal","New Cache County;M and I (8)","Demand Site"
"Transmission ","Transmission Link","Withdrawal Node 6","River Withdrawal","New Cache County;M and I (8)","Demand Site"
"Transmission ","Transmission Link","Withdrawal Node 6","River Withdrawal","New Cache County;M and I (8)","Demand Site"
"Transmission ","Transmission Link","Withdrawal Node 6","River Withdrawal","New Cache County;M and I (8)","Demand Site"
"Transmission ","Transmission Link","Withdrawal Node 6","River Withdrawal","New Cache County;M and I (8)","Demand Site"
"Transmission ","Transmission Link","Withdrawal Node 6","River Withdrawal","New Cache County;M and I (8)","Demand Site"
"Transmission ","Transmission Link","Withdrawal Node 6","River Withdrawal","New Cache County;M and I (8)","Demand Site"
"Transmission ","Transmission Link","Withdrawal Node 6","River Withdrawal","New Cache County;M and I (8)","Demand Site"
"Transmission ","Transmission Link","Withdrawal Node 7","River Withdrawal","South Cache;New (4)","Demand Site"
"Transmission ","Transmission Link","Withdrawal Node 7","River Withdrawal","South Cache;New (4)","Demand Site"
"Transmission ","Transmission Link","Withdrawal Node 7","River Withdrawal","South Cache;New (4)","Demand Site"
"Transmission ","Transmission Link","Withdrawal Node 7","River Withdrawal","South Cache;New (4)","Demand Site"
"Transmission ","Transmission Link","Withdrawal Node 7","River Withdrawal","South Cache;New (4)","Demand Site"
"Transmission ","Transmission Link","Withdrawal Node 7","River Withdrawal","South Cache;New (4)","Demand Site"
"Transmission ","Transmission Link","Withdrawal Node 7","River Withdrawal","South Cache;New (4)","Demand Site"
"Transmission ","Transmission Link","Withdrawal Node 7","River Withdrawal","South Cache;New (4)","Demand Site"
"Transmission ","Transmission Link","Withdrawal Node 7","River Withdrawal","South Cache;New (4)","Demand Site"
"Transmission ","Transmission Link","Withdrawal Node 7","River Withdrawal","South Cache;New (4)","Demand Site"
"Transmission ","Transmission Link","Withdrawal Node 7","River Withdrawal","South Cache;New (4)","Demand Site"
"Transmission ","Transmission Link","Withdrawal Node 7","River Withdrawal","South Cache;New (4)","Demand Site"
"Transmission ","Transmission Link","Withdrawal Node 7","River Withdrawal","South Cache;New (4)","Demand Site"
"Transmission ","Transmission Link","Withdrawal Node 7","River Withdrawal","South Cache;New (4)","Demand Site"
"Transmission ","Transmission Link","Withdrawal Node 7","River Withdrawal","South Cache;New (4)","Demand Site"
"Transmission ","Transmission Link","Withdrawal Node 7","River Withdrawal","South Cache;New (4)","Demand Site"
"Transmission ","Transmission Link","Withdrawal Node 7","River Withdrawal","South Cache;New (4)","Demand Site"
"Transmission ","Transmission Link","Withdrawal Node 7","River Withdrawal","South Cache;New (4)","Demand Site"
"Transmission ","Transmission Link","Withdrawal Node 7","River Withdrawal","South Cache;New (4)","Demand Site"
"Transmission ","Transmission Link","Hyrum (10)","Reservoir","South Cache;Existing (4)","Demand Site"
"Transmission ","Transmission Link","Hyrum (10)","Reservoir","South Cache;Existing (4)","Demand Site"
"Transmission ","Transmission Link","Hyrum (10)","Reservoir","South Cache;Existing (4)","Demand Site"
"Transmission ","Transmission Link","Hyrum (10)","Reservoir","South Cache;Existing (4)","Demand Site"
"Transmission ","Transmission Link","Hyrum (10)","Reservoir","South Cache;Existing (4)","Demand Site"
"Transmission ","Transmission Link","Hyrum (10)","Reservoir","South Cache;Existing (4)","Demand Site"
"Transmission ","Transmission Link","Hyrum (10)","Reservoir","South Cache;Existing (4)","Demand Site"
"Transmission ","Transmission Link","Hyrum (10)","Reservoir","South Cache;Existing (4)","Demand Site"
"Transmission ","Transmission Link","Hyrum (10)","Reservoir","South Cache;Existing (4)","Demand Site"
"Transmission ","Transmission Link","Hyrum (10)","Reservoir","South Cache;Existing (4)","Demand Site"
"Transmission ","Transmission Link","Hyrum (10)","Reservoir","South Cache;Existing (4)","Demand Site"
"Transmission ","Transmission Link","Hyrum (10)","Reservoir","South Cache;Existing (4)","Demand Site"
"Transmission ","Transmission Link","Hyrum (10)","Reservoir","South Cache;Existing (4)","Demand Site"
"Transmission ","Transmission Link","Hyrum (10)","Reservoir","South Cache;Existing (4)","Demand Site"
"Transmission ","Transmission Link","Hyrum (10)","Reservoir","South Cache;Existing (4)","Demand Site"
"Transmission ","Transmission Link","Hyrum (10)","Reservoir","South Cache;Existing (4)","Demand Site"
"Transmission ","Transmission Link","Hyrum (10)","Reservoir","South Cache;Existing (4)","Demand Site"
"Transmission ","Transmission Link","Hyrum (10)","Reservoir","South Cache;Existing (4)","Demand Site"
"Transmission ","Transmission Link","Hyrum (10)","Reservoir","South Cache;Existing (4)","Demand Site"
"Transmission ","Transmission Link","Hyrum (10)","Reservoir","South Cache;New (4)","Demand Site"
"Transmission ","Transmission Link","Hyrum (10)","Reservoir","South Cache;New (4)","Demand Site"
"Transmission ","Transmission Link","Hyrum (10)","Reservoir","South Cache;New (4)","Demand Site"
"Transmission ","Transmission Link","Hyrum (10)","Reservoir","South Cache;New (4)","Demand Site"
"Transmission ","Transmission Link","Hyrum (10)","Reservoir","South Cache;New (4)","Demand Site"
"Transmission ","Transmission Link","Hyrum (10)","Reservoir","South Cache;New (4)","Demand Site"
"Transmission ","Transmission Link","Hyrum (10)","Reservoir","South Cache;New (4)","Demand Site"
"Transmission ","Transmission Link","Hyrum (10)","Reservoir","South Cache;New (4)","Demand Site"
"Transmission ","Transmission Link","Hyrum (10)","Reservoir","South Cache;New (4)","Demand Site"
"Transmission ","Transmission Link","Hyrum (10)","Reservoir","South Cache;New (4)","Demand Site"
"Transmission ","Transmission Link","Hyrum (10)","Reservoir","South Cache;New (4)","Demand Site"
"Transmission ","Transmission Link","Hyrum (10)","Reservoir","South Cache;New (4)","Demand Site"
"Transmission ","Transmission Link","Hyrum (10)","Reservoir","South Cache;New (4)","Demand Site"
"Transmission ","Transmission Link","Hyrum (10)","Reservoir","South Cache;New (4)","Demand Site"
"Transmission ","Transmission Link","Hyrum (10)","Reservoir","South Cache;New (4)","Demand Site"
"Transmission ","Transmission Link","Hyrum (10)","Reservoir","South Cache;New (4)","Demand Site"
"Transmission ","Transmission Link","Hyrum (10)","Reservoir","South Cache;New (4)","Demand Site"
"Transmission ","Transmission Link","Hyrum (10)","Reservoir","South Cache;New (4)","Demand Site"
"Transmission ","Transmission Link","Hyrum (10)","Reservoir","South Cache;New (4)","Demand Site"
"Transmission ","Transmission Link","Washakie (20)","local reservoir","Bear River;Canal Company (2)","Demand Site"
"Transmission ","Transmission Link","Washakie (20)","local reservoir","Bear River;Canal Company (2)","Demand Site"
"Transmission ","Transmission Link","Washakie (20)","local reservoir","Bear River;Canal Company (2)","Demand Site"
"Transmission ","Transmission Link","Washakie (20)","local reservoir","Bear River;Canal Company (2)","Demand Site"
"Transmission ","Transmission Link","Washakie (20)","local reservoir","Bear River;Canal Company (2)","Demand Site"
"Transmission ","Transmission Link","Washakie (20)","local reservoir","Bear River;Canal Company (2)","Demand Site"
"Transmission ","Transmission Link","Washakie (20)","local reservoir","Bear River;Canal Company (2)","Demand Site"
"Transmission ","Transmission Link","Washakie (20)","local reservoir","Bear River;Canal Company (2)","Demand Site"
"Transmission ","Transmission Link","Washakie (20)","local reservoir","Bear River;Canal Company (2)","Demand Site"
"Transmission ","Transmission Link","Washakie (20)","local reservoir","Bear River;Canal Company (2)","Demand Site"
"Transmission ","Transmission Link","Washakie (20)","local reservoir","Bear River;Canal Company (2)","Demand Site"
"Transmission ","Transmission Link","Washakie (20)","local reservoir","Bear River;Canal Company (2)","Demand Site"
"Transmission ","Transmission Link","Washakie (20)","local reservoir","Bear River;Canal Company (2)","Demand Site"
"Transmission ","Transmission Link","Washakie (20)","local reservoir","Bear River;Canal Company (2)","Demand Site"
"Transmission ","Transmission Link","Washakie (20)","local reservoir","Bear River;Canal Company (2)","Demand Site"
"Transmission ","Transmission Link","Washakie (20)","local reservoir","Bear River;Canal Company (2)","Demand Site"
"Transmission ","Transmission Link","Washakie (20)","local reservoir","Bear River;Canal Company (2)","Demand Site"
"Transmission ","Transmission Link","Washakie (20)","local reservoir","Bear River;Canal Company (2)","Demand Site"
"Transmission ","Transmission Link","Washakie (20)","local reservoir","Bear River;Canal Company (2)","Demand Site"
"Transmition Link from Washakie","Transmission Link","Washakie (20)","local reservoir","Box Elder;County Urban (6)","Demand Site"
"Transmition Link from Washakie","Transmission Link","Washakie (20)","local reservoir","Box Elder;County Urban (6)","Demand Site"
"Transmition Link from Washakie","Transmission Link","Washakie (20)","local reservoir","Box Elder;County Urban (6)","Demand Site"
"Transmition Link from Washakie","Transmission Link","Washakie (20)","local reservoir","Box Elder;County Urban (6)","Demand Site"
"Transmition Link from Washakie","Transmission Link","Washakie (20)","local reservoir","Box Elder;County Urban (6)","Demand Site"
"Transmition Link from Washakie","Transmission Link","Washakie (20)","local reservoir","Box Elder;County Urban (6)","Demand Site"
"Transmition Link from Washakie","Transmission Link","Washakie (20)","local reservoir","Box Elder;County Urban (6)","Demand Site"
"Transmition Link from Washakie","Transmission Link","Washakie (20)","local reservoir","Box Elder;County Urban (6)","Demand Site"
"Transmition Link from Washakie","Transmission Link","Washakie (20)","local reservoir","Box Elder;County Urban (6)","Demand Site"
"Transmition Link from Washakie","Transmission Link","Washakie (20)","local reservoir","Box Elder;County Urban (6)","Demand Site"
"Transmition Link from Washakie","Transmission Link","Washakie (20)","local reservoir","Box Elder;County Urban (6)","Demand Site"
"Transmition Link from Washakie","Transmission Link","Washakie (20)","local reservoir","Box Elder;County Urban (6)","Demand Site"
"Transmition Link from Washakie","Transmission Link","Washakie (20)","local reservoir","Box Elder;County Urban (6)","Demand Site"
"Transmition Link from Washakie","Transmission Link","Washakie (20)","local reservoir","Box Elder;County Urban (6)","Demand Site"
"Transmition Link from Washakie","Transmission Link","Washakie (20)","local reservoir","Box Elder;County Urban (6)","Demand Site"
"Transmition Link from Washakie","Transmission Link","Washakie (20)","local reservoir","Box Elder;County Urban (6)","Demand Site"
"Transmition Link from Washakie","Transmission Link","Washakie (20)","local reservoir","Box Elder;County Urban (6)","Demand Site"
"Transmition Link from Washakie","Transmission Link","Washakie (20)","local reservoir","Box Elder;County Urban (6)","Demand Site"
"Transmition Link from Washakie","Transmission Link","Washakie (20)","local reservoir","Box Elder;County Urban (6)","Demand Site"
"Transmission ","Transmission Link","Davis","local reservoir","Wasatch Front (21)","Demand Site"
"Transmission ","Transmission Link","Davis","local reservoir","Wasatch Front (21)","Demand Site"
"Transmission ","Transmission Link","Davis","local reservoir","Wasatch Front (21)","Demand Site"
"Transmission ","Transmission Link","Davis","local reservoir","Wasatch Front (21)","Demand Site"
"Transmission ","Transmission Link","Davis","local reservoir","Wasatch Front (21)","Demand Site"
"Transmission ","Transmission Link","Davis","local reservoir","Wasatch Front (21)","Demand Site"
"Transmission ","Transmission Link","Davis","local reservoir","Wasatch Front (21)","Demand Site"
"Transmission ","Transmission Link","Davis","local reservoir","Wasatch Front (21)","Demand Site"
"Transmission ","Transmission Link","Davis","local reservoir","Wasatch Front (21)","Demand Site"
"Transmission ","Transmission Link","Davis","local reservoir","Wasatch Front (21)","Demand Site"
"Transmission ","Transmission Link","Davis","local reservoir","Wasatch Front (21)","Demand Site"
"Transmission ","Transmission Link","Davis","local reservoir","Wasatch Front (21)","Demand Site"
"Transmission ","Transmission Link","Davis","local reservoir","Wasatch Front (21)","Demand Site"
"Transmission ","Transmission Link","Davis","local reservoir","Wasatch Front (21)","Demand Site"
"Transmission ","Transmission Link","Davis","local reservoir","Wasatch Front (21)","Demand Site"
"Transmission ","Transmission Link","Davis","local reservoir","Wasatch Front (21)","Demand Site"
"Transmission ","Transmission Link","Davis","local reservoir","Wasatch Front (21)","Demand Site"
"Transmission ","Transmission Link","Davis","local reservoir","Wasatch Front (21)","Demand Site"
"Transmission ","Transmission Link","Davis","local reservoir","Wasatch Front (21)","Demand Site"
"Transmission ","Transmission Link","Willard Bay (15)","local reservoir","Weber Basin Project (20)","Demand Site"
"Transmission ","Transmission Link","Willard Bay (15)","local reservoir","Weber Basin Project (20)","Demand Site"
"Transmission ","Transmission Link","Willard Bay (15)","local reservoir","Weber Basin Project (20)","Demand Site"
"Transmission ","Transmission Link","Willard Bay (15)","local reservoir","Weber Basin Project (20)","Demand Site"
"Transmission ","Transmission Link","Willard Bay (15)","local reservoir","Weber Basin Project (20)","Demand Site"
"Transmission ","Transmission Link","Willard Bay (15)","local reservoir","Weber Basin Project (20)","Demand Site"
"Transmission ","Transmission Link","Willard Bay (15)","local reservoir","Weber Basin Project (20)","Demand Site"
"Transmission ","Transmission Link","Willard Bay (15)","local reservoir","Weber Basin Project (20)","Demand Site"
"Transmission ","Transmission Link","Willard Bay (15)","local reservoir","Weber Basin Project (20)","Demand Site"
"Transmission ","Transmission Link","Willard Bay (15)","local reservoir","Weber Basin Project (20)","Demand Site"
"Transmission ","Transmission Link","Willard Bay (15)","local reservoir","Weber Basin Project (20)","Demand Site"
"Transmission ","Transmission Link","Willard Bay (15)","local reservoir","Weber Basin Project (20)","Demand Site"
"Transmission ","Transmission Link","Willard Bay (15)","local reservoir","Weber Basin Project (20)","Demand Site"
"Transmission ","Transmission Link","Willard Bay (15)","local reservoir","Weber Basin Project (20)","Demand Site"
"Transmission ","Transmission Link","Willard Bay (15)","local reservoir","Weber Basin Project (20)","Demand Site"
"Transmission ","Transmission Link","Willard Bay (15)","local reservoir","Weber Basin Project (20)","Demand Site"
"Transmission ","Transmission Link","Willard Bay (15)","local reservoir","Weber Basin Project (20)","Demand Site"
"Transmission ","Transmission Link","Willard Bay (15)","local reservoir","Weber Basin Project (20)","Demand Site"
"Transmission ","Transmission Link","Willard Bay (15)","local reservoir","Weber Basin Project (20)","Demand Site"
"Transmition Link from Mainstem","Transmission Link","Mainstem (20)","Reservoir","Box Elder;County Urban (6)","Demand Site"
"Transmition Link from Mainstem","Transmission Link","Mainstem (20)","Reservoir","Box Elder;County Urban (6)","Demand Site"
"Transmition Link from Mainstem","Transmission Link","Mainstem (20)","Reservoir","Box Elder;County Urban (6)","Demand Site"
"Transmition Link from Mainstem","Transmission Link","Mainstem (20)","Reservoir","Box Elder;County Urban (6)","Demand Site"
"Transmition Link from Mainstem","Transmission Link","Mainstem (20)","Reservoir","Box Elder;County Urban (6)","Demand Site"
"Transmition Link from Mainstem","Transmission Link","Mainstem (20)","Reservoir","Box Elder;County Urban (6)","Demand Site"
"Transmition Link from Mainstem","Transmission Link","Mainstem (20)","Reservoir","Box Elder;County Urban (6)","Demand Site"
"Transmition Link from Mainstem","Transmission Link","Mainstem (20)","Reservoir","Box Elder;County Urban (6)","Demand Site"
"Transmition Link from Mainstem","Transmission Link","Mainstem (20)","Reservoir","Box Elder;County Urban (6)","Demand Site"
"Transmition Link from Mainstem","Transmission Link","Mainstem (20)","Reservoir","Box Elder;County Urban (6)","Demand Site"
"Transmition Link from Mainstem","Transmission Link","Mainstem (20)","Reservoir","Box Elder;County Urban (6)","Demand Site"
"Transmition Link from Mainstem","Transmission Link","Mainstem (20)","Reservoir","Box Elder;County Urban (6)","Demand Site"
"Transmition Link from Mainstem","Transmission Link","Mainstem (20)","Reservoir","Box Elder;County Urban (6)","Demand Site"
"Transmition Link from Mainstem","Transmission Link","Mainstem (20)","Reservoir","Box Elder;County Urban (6)","Demand Site"
"Transmition Link from Mainstem","Transmission Link","Mainstem (20)","Reservoir","Box Elder;County Urban (6)","Demand Site"
"Transmition Link from Mainstem","Transmission Link","Mainstem (20)","Reservoir","Box Elder;County Urban (6)","Demand Site"
"Transmition Link from Mainstem","Transmission Link","Mainstem (20)","Reservoir","Box Elder;County Urban (6)","Demand Site"
"Transmition Link from Mainstem","Transmission Link","Mainstem (20)","Reservoir","Box Elder;County Urban (6)","Demand Site"
"Transmition Link from Mainstem","Transmission Link","Mainstem (20)","Reservoir","Box Elder;County Urban (6)","Demand Site"
"Transmission ","Transmission Link","Mainstem (20)","Reservoir","New Box Elder County;Agriculture (7)","Demand Site"
"Transmission ","Transmission Link","Mainstem (20)","Reservoir","New Box Elder County;Agriculture (7)","Demand Site"
"Transmission ","Transmission Link","Mainstem (20)","Reservoir","New Box Elder County;Agriculture (7)","Demand Site"
"Transmission ","Transmission Link","Mainstem (20)","Reservoir","New Box Elder County;Agriculture (7)","Demand Site"
"Transmission ","Transmission Link","Mainstem (20)","Reservoir","New Box Elder County;Agriculture (7)","Demand Site"
"Transmission ","Transmission Link","Mainstem (20)","Reservoir","New Box Elder County;Agriculture (7)","Demand Site"
"Transmission ","Transmission Link","Mainstem (20)","Reservoir","New Box Elder County;Agriculture (7)","Demand Site"
"Transmission ","Transmission Link","Mainstem (20)","Reservoir","New Box Elder County;Agriculture (7)","Demand Site"
"Transmission ","Transmission Link","Mainstem (20)","Reservoir","New Box Elder County;Agriculture (7)","Demand Site"
"Transmission ","Transmission Link","Mainstem (20)","Reservoir","New Box Elder County;Agriculture (7)","Demand Site"
"Transmission ","Transmission Link","Mainstem (20)","Reservoir","New Box Elder County;Agriculture (7)","Demand Site"
"Transmission ","Transmission Link","Mainstem (20)","Reservoir","New Box Elder County;Agriculture (7)","Demand Site"
"Transmission ","Transmission Link","Mainstem (20)","Reservoir","New Box Elder County;Agriculture (7)","Demand Site"
"Transmission ","Transmission Link","Mainstem (20)","Reservoir","New Box Elder County;Agriculture (7)","Demand Site"
"Transmission ","Transmission Link","Mainstem (20)","Reservoir","New Box Elder County;Agriculture (7)","Demand Site"
"Transmission ","Transmission Link","Mainstem (20)","Reservoir","New Box Elder County;Agriculture (7)","Demand Site"
"Transmission ","Transmission Link","Mainstem (20)","Reservoir","New Box Elder County;Agriculture (7)","Demand Site"
"Transmission ","Transmission Link","Mainstem (20)","Reservoir","New Box Elder County;Agriculture (7)","Demand Site"
"Transmission ","Transmission Link","Mainstem (20)","Reservoir","New Box Elder County;Agriculture (7)","Demand Site"
"Transmition Link from Withdrawal Node 8 to Barrens","Transmission Link","Withdrawal Node 5","River Withdrawal","Barrens (20)","local reservoir"
"Transmition Link from Withdrawal Node 8 to Barrens","Transmission Link","Withdrawal Node 5","River Withdrawal","Barrens (20)","local reservoir"
"Transmition Link from Withdrawal Node 8 to Barrens","Transmission Link","Withdrawal Node 5","River Withdrawal","Barrens (20)","local reservoir"
"Transmition Link from Withdrawal Node 8 to Barrens","Transmission Link","Withdrawal Node 5","River Withdrawal","Barrens (20)","local reservoir"
"Transmition Link from Withdrawal Node 8 to Barrens","Transmission Link","Withdrawal Node 5","River Withdrawal","Barrens (20)","local reservoir"
"Transmition Link from Withdrawal Node 8 to Barrens","Transmission Link","Withdrawal Node 5","River Withdrawal","Barrens (20)","local reservoir"
"Transmition Link from Withdrawal Node 8 to Barrens","Transmission Link","Withdrawal Node 5","River Withdrawal","Barrens (20)","local reservoir"
"Transmition Link from Withdrawal Node 8 to Barrens","Transmission Link","Withdrawal Node 5","River Withdrawal","Barrens (20)","local reservoir"
"Transmition Link from Withdrawal Node 8 to Barrens","Transmission Link","Withdrawal Node 5","River Withdrawal","Barrens (20)","local reservoir"
"Transmition Link from Withdrawal Node 8 to Barrens","Transmission Link","Withdrawal Node 5","River Withdrawal","Barrens (20)","local reservoir"
"Transmition Link from Withdrawal Node 8 to Barrens","Transmission Link","Withdrawal Node 5","River Withdrawal","Barrens (20)","local reservoir"
"Transmition Link from Withdrawal Node 8 to Barrens","Transmission Link","Withdrawal Node 5","River Withdrawal","Barrens (20)","local reservoir"
"Transmition Link from Withdrawal Node 8 to Barrens","Transmission Link","Withdrawal Node 5","River Withdrawal","Barrens (20)","local reservoir"
"Transmition Link from Withdrawal Node 8 to Barrens","Transmission Link","Withdrawal Node 5","River Withdrawal","Barrens (20)","local reservoir"
"Transmition Link from Withdrawal Node 8 to Barrens","Transmission Link","Withdrawal Node 5","River Withdrawal","Barrens (20)","local reservoir"
"Transmition Link from Withdrawal Node 8 to Barrens","Transmission Link","Withdrawal Node 5","River Withdrawal","Barrens (20)","local reservoir"
"Transmition Link from Withdrawal Node 8 to Barrens","Transmission Link","Withdrawal Node 5","River Withdrawal","Barrens (20)","local reservoir"
"Transmition Link from Withdrawal Node 8 to Barrens","Transmission Link","Withdrawal Node 5","River Withdrawal","Barrens (20)","local reservoir"
"Transmition Link from Withdrawal Node 8 to Barrens","Transmission Link","Withdrawal Node 5","River Withdrawal","Barrens (20)","local reservoir"
"Transmition Link from Withdrawal Node 8 to Barrens","Transmission Link","Withdrawal Node 5","River Withdrawal","Barrens (20)","local reservoir"
"Transmition Link from Withdrawal Node 8 to Barrens","Transmission Link","Withdrawal Node 5","River Withdrawal","Barrens (20)","local reservoir"
"Transmition Link from Withdrawal Node 8 to Barrens","Transmission Link","Withdrawal Node 5","River Withdrawal","Barrens (20)","local reservoir"
"Transmition Link from Withdrawal Node 8 to Barrens","Transmission Link","Withdrawal Node 5","River Withdrawal","Barrens (20)","local reservoir"
"Transmition Link from Withdrawal Node 8 to Barrens","Transmission Link","Withdrawal Node 5","River Withdrawal","Barrens (20)","local reservoir"
"Transmition Link from Withdrawal Node 8 to Barrens","Transmission Link","Withdrawal Node 5","River Withdrawal","Barrens (20)","local reservoir"
"Transmition Link from Withdrawal Node 8 to Barrens","Transmission Link","Withdrawal Node 5","River Withdrawal","Barrens (20)","local reservoir"
"Transmition Link from Withdrawal Node 8 to Barrens","Transmission Link","Withdrawal Node 5","River Withdrawal","Barrens (20)","local reservoir"
"Transmition Link from Withdrawal Node 8 to Barrens","Transmission Link","Withdrawal Node 5","River Withdrawal","Barrens (20)","local reservoir"
"Transmition Link from Withdrawal Node 8 to Barrens","Transmission Link","Withdrawal Node 5","River Withdrawal","Barrens (20)","local reservoir"
"Transmition Link from Withdrawal Node 8 to Barrens","Transmission Link","Withdrawal Node 5","River Withdrawal","Barrens (20)","local reservoir"
"Transmition Link from Withdrawal Node 8 to Barrens","Transmission Link","Withdrawal Node 5","River Withdrawal","Barrens (20)","local reservoir"
"Transmition Link from Withdrawal Node 8 to Barrens","Transmission Link","Withdrawal Node 5","River Withdrawal","Barrens (20)","local reservoir"
"Transmission ","Transmission Link","Withdrawal Node 9","River Withdrawal","Willard Bay (15)","local reservoir"
"Transmission ","Transmission Link","Withdrawal Node 9","River Withdrawal","Willard Bay (15)","local reservoir"
"Transmission ","Transmission Link","Withdrawal Node 9","River Withdrawal","Willard Bay (15)","local reservoir"
"Transmission ","Transmission Link","Withdrawal Node 9","River Withdrawal","Willard Bay (15)","local reservoir"
"Transmission ","Transmission Link","Withdrawal Node 9","River Withdrawal","Willard Bay (15)","local reservoir"
"Transmission ","Transmission Link","Withdrawal Node 9","River Withdrawal","Willard Bay (15)","local reservoir"
"Transmission ","Transmission Link","Withdrawal Node 9","River Withdrawal","Willard Bay (15)","local reservoir"
"Transmission ","Transmission Link","Withdrawal Node 9","River Withdrawal","Willard Bay (15)","local reservoir"
"Transmission ","Transmission Link","Withdrawal Node 9","River Withdrawal","Willard Bay (15)","local reservoir"
"Transmission ","Transmission Link","Withdrawal Node 9","River Withdrawal","Willard Bay (15)","local reservoir"
"Transmission ","Transmission Link","Withdrawal Node 9","River Withdrawal","Willard Bay (15)","local reservoir"
"Transmission ","Transmission Link","Withdrawal Node 9","River Withdrawal","Willard Bay (15)","local reservoir"
"Transmission ","Transmission Link","Withdrawal Node 9","River Withdrawal","Willard Bay (15)","local reservoir"
"Transmission ","Transmission Link","Withdrawal Node 9","River Withdrawal","Willard Bay (15)","local reservoir"
"Transmission ","Transmission Link","Withdrawal Node 9","River Withdrawal","Willard Bay (15)","local reservoir"
"Transmission ","Transmission Link","Withdrawal Node 9","River Withdrawal","Willard Bay (15)","local reservoir"
"Transmission ","Transmission Link","Withdrawal Node 9","River Withdrawal","Willard Bay (15)","local reservoir"
"Transmission ","Transmission Link","Withdrawal Node 9","River Withdrawal","Willard Bay (15)","local reservoir"
"Transmission ","Transmission Link","Withdrawal Node 9","River Withdrawal","Willard Bay (15)","local reservoir"
"Transmission ","Transmission Link","Withdrawal Node 9","River Withdrawal","Willard Bay (15)","local reservoir"
"Transmission ","Transmission Link","Withdrawal Node 9","River Withdrawal","Willard Bay (15)","local reservoir"
"Transmission ","Transmission Link","Withdrawal Node 9","River Withdrawal","Willard Bay (15)","local reservoir"
"Transmission ","Transmission Link","Withdrawal Node 9","River Withdrawal","Willard Bay (15)","local reservoir"
"Transmission ","Transmission Link","Withdrawal Node 9","River Withdrawal","Willard Bay (15)","local reservoir"
"Transmission ","Transmission Link","Withdrawal Node 9","River Withdrawal","Willard Bay (15)","local reservoir"
"Transmission ","Transmission Link","Withdrawal Node 9","River Withdrawal","Willard Bay (15)","local reservoir"
"Transmission ","Transmission Link","Withdrawal Node 9","River Withdrawal","Willard Bay (15)","local reservoir"
"Transmission ","Transmission Link","Withdrawal Node 9","River Withdrawal","Willard Bay (15)","local reservoir"
"Transmission ","Transmission Link","Withdrawal Node 9","River Withdrawal","Willard Bay (15)","local reservoir"
"Transmission ","Transmission Link","Withdrawal Node 9","River Withdrawal","Willard Bay (15)","local reservoir"
"Transmission ","Transmission Link","Withdrawal Node 9","River Withdrawal","Willard Bay (15)","local reservoir"
"Transmission ","Transmission Link","Withdrawal Node 9","River Withdrawal","Willard Bay (15)","local reservoir"
"Transmission ","Transmission Link","Withdrawal Node 9","River Withdrawal","Weber Basin Project (20)","Demand Site"
"Transmission ","Transmission Link","Withdrawal Node 9","River Withdrawal","Weber Basin Project (20)","Demand Site"
"Transmission ","Transmission Link","Withdrawal Node 9","River Withdrawal","Weber Basin Project (20)","Demand Site"
"Transmission ","Transmission Link","Withdrawal Node 9","River Withdrawal","Weber Basin Project (20)","Demand Site"
"Transmission ","Transmission Link","Withdrawal Node 9","River Withdrawal","Weber Basin Project (20)","Demand Site"
"Transmission ","Transmission Link","Withdrawal Node 9","River Withdrawal","Weber Basin Project (20)","Demand Site"
"Transmission ","Transmission Link","Withdrawal Node 9","River Withdrawal","Weber Basin Project (20)","Demand Site"
"Transmission ","Transmission Link","Withdrawal Node 9","River Withdrawal","Weber Basin Project (20)","Demand Site"
"Transmission ","Transmission Link","Withdrawal Node 9","River Withdrawal","Weber Basin Project (20)","Demand Site"
"Transmission ","Transmission Link","Withdrawal Node 9","River Withdrawal","Weber Basin Project (20)","Demand Site"
"Transmission ","Transmission Link","Withdrawal Node 9","River Withdrawal","Weber Basin Project (20)","Demand Site"
"Transmission ","Transmission Link","Withdrawal Node 9","River Withdrawal","Weber Basin Project (20)","Demand Site"
"Transmission ","Transmission Link","Withdrawal Node 9","River Withdrawal","Weber Basin Project (20)","Demand Site"
"Transmission ","Transmission Link","Withdrawal Node 9","River Withdrawal","Weber Basin Project (20)","Demand Site"
"Transmission ","Transmission Link","Withdrawal Node 9","River Withdrawal","Weber Basin Project (20)","Demand Site"
"Transmission ","Transmission Link","Withdrawal Node 9","River Withdrawal","Weber Basin Project (20)","Demand Site"
"Transmission ","Transmission Link","Withdrawal Node 9","River Withdrawal","Weber Basin Project (20)","Demand Site"
"Transmission ","Transmission Link","Withdrawal Node 9","River Withdrawal","Weber Basin Project (20)","Demand Site"
"Transmission ","Transmission Link","Withdrawal Node 9","River Withdrawal","Weber Basin Project (20)","Demand Site"
"Transmission ","Transmission Link","Washakie (20)","local reservoir","New Box Elder County;Agriculture (7)","Demand Site"
"Transmission ","Transmission Link","Washakie (20)","local reservoir","New Box Elder County;Agriculture (7)","Demand Site"
"Transmission ","Transmission Link","Washakie (20)","local reservoir","New Box Elder County;Agriculture (7)","Demand Site"
"Transmission ","Transmission Link","Washakie (20)","local reservoir","New Box Elder County;Agriculture (7)","Demand Site"
"Transmission ","Transmission Link","Washakie (20)","local reservoir","New Box Elder County;Agriculture (7)","Demand Site"
"Transmission ","Transmission Link","Washakie (20)","local reservoir","New Box Elder County;Agriculture (7)","Demand Site"
"Transmission ","Transmission Link","Washakie (20)","local reservoir","New Box Elder County;Agriculture (7)","Demand Site"
"Transmission ","Transmission Link","Washakie (20)","local reservoir","New Box Elder County;Agriculture (7)","Demand Site"
"Transmission ","Transmission Link","Washakie (20)","local reservoir","New Box Elder County;Agriculture (7)","Demand Site"
"Transmission ","Transmission Link","Washakie (20)","local reservoir","New Box Elder County;Agriculture (7)","Demand Site"
"Transmission ","Transmission Link","Washakie (20)","local reservoir","New Box Elder County;Agriculture (7)","Demand Site"
"Transmission ","Transmission Link","Washakie (20)","local reservoir","New Box Elder County;Agriculture (7)","Demand Site"
"Transmission ","Transmission Link","Washakie (20)","local reservoir","New Box Elder County;Agriculture (7)","Demand Site"
"Transmission ","Transmission Link","Washakie (20)","local reservoir","New Box Elder County;Agriculture (7)","Demand Site"
"Transmission ","Transmission Link","Washakie (20)","local reservoir","New Box Elder County;Agriculture (7)","Demand Site"
"Transmission ","Transmission Link","Washakie (20)","local reservoir","New Box Elder County;Agriculture (7)","Demand Site"
"Transmission ","Transmission Link","Washakie (20)","local reservoir","New Box Elder County;Agriculture (7)","Demand Site"
"Transmission ","Transmission Link","Washakie (20)","local reservoir","New Box Elder County;Agriculture (7)","Demand Site"
"Transmission ","Transmission Link","Washakie (20)","local reservoir","New Box Elder County;Agriculture (7)","Demand Site"
"Transmission ","Transmission Link","Washakie (20)","local reservoir","Tributary Inflow 1","Tributary Inflow"
"Transmission ","Transmission Link","Withdrawal Node 1","River Withdrawal","Washakie (20)","local reservoir"
"Transmission ","Transmission Link","Withdrawal Node 1","River Withdrawal","Washakie (20)","local reservoir"
"Transmission ","Transmission Link","Withdrawal Node 1","River Withdrawal","Washakie (20)","local reservoir"
"Transmission ","Transmission Link","Withdrawal Node 1","River Withdrawal","Washakie (20)","local reservoir"
"Transmission ","Transmission Link","Withdrawal Node 1","River Withdrawal","Washakie (20)","local reservoir"
"Transmission ","Transmission Link","Withdrawal Node 1","River Withdrawal","Washakie (20)","local reservoir"
"Transmission ","Transmission Link","Withdrawal Node 1","River Withdrawal","Washakie (20)","local reservoir"
"Transmission ","Transmission Link","Withdrawal Node 1","River Withdrawal","Washakie (20)","local reservoir"
"Transmission ","Transmission Link","Withdrawal Node 1","River Withdrawal","Washakie (20)","local reservoir"
"Transmission ","Transmission Link","Withdrawal Node 1","River Withdrawal","Washakie (20)","local reservoir"
"Transmission ","Transmission Link","Withdrawal Node 1","River Withdrawal","Washakie (20)","local reservoir"
"Transmission ","Transmission Link","Withdrawal Node 1","River Withdrawal","Washakie (20)","local reservoir"
"Transmission ","Transmission Link","Withdrawal Node 1","River Withdrawal","Washakie (20)","local reservoir"
"Transmission ","Transmission Link","Withdrawal Node 1","River Withdrawal","Washakie (20)","local reservoir"
"Transmission ","Transmission Link","Withdrawal Node 1","River Withdrawal","Washakie (20)","local reservoir"
"Transmission ","Transmission Link","Withdrawal Node 1","River Withdrawal","Washakie (20)","local reservoir"
"Transmission ","Transmission Link","Withdrawal Node 1","River Withdrawal","Washakie (20)","local reservoir"
"Transmission ","Transmission Link","Withdrawal Node 1","River Withdrawal","Washakie (20)","local reservoir"
"Transmission ","Transmission Link","Withdrawal Node 1","River Withdrawal","Washakie (20)","local reservoir"
"Transmission ","Transmission Link","Withdrawal Node 1","River Withdrawal","Washakie (20)","local reservoir"
"Transmission ","Transmission Link","Withdrawal Node 1","River Withdrawal","Washakie (20)","local reservoir"
"Transmission ","Transmission Link","Withdrawal Node 1","River Withdrawal","Washakie (20)","local reservoir"
"Transmission ","Transmission Link","Withdrawal Node 1","River Withdrawal","Washakie (20)","local reservoir"
"Transmission ","Transmission Link","Withdrawal Node 1","River Withdrawal","Washakie (20)","local reservoir"
"Transmission ","Transmission Link","Withdrawal Node 1","River Withdrawal","Washakie (20)","local reservoir"
"Transmission ","Transmission Link","Withdrawal Node 1","River Withdrawal","Washakie (20)","local reservoir"
"Transmission ","Transmission Link","Withdrawal Node 1","River Withdrawal","Washakie (20)","local reservoir"
"Transmission ","Transmission Link","Withdrawal Node 1","River Withdrawal","Washakie (20)","local reservoir"
"Transmission ","Transmission Link","Withdrawal Node 1","River Withdrawal","Washakie (20)","local reservoir"
"Transmission ","Transmission Link","Withdrawal Node 1","River Withdrawal","Washakie (20)","local reservoir"
"Transmission ","Transmission Link","Withdrawal Node 1","River Withdrawal","Washakie (20)","local reservoir"
"Transmission ","Transmission Link","Withdrawal Node 1","River Withdrawal","Washakie (20)","local reservoir"
"Transmission ","Transmission Link","Dummy Junction2 (99)","Demand Site","Davis","local reservoir"
"Transmission ","Transmission Link","Dummy Junction2 (99)","Demand Site","Davis","local reservoir"
"Transmission ","Transmission Link","Dummy Junction2 (99)","Demand Site","Davis","local reservoir"
"Transmission ","Transmission Link","Dummy Junction2 (99)","Demand Site","Davis","local reservoir"
"Transmission ","Transmission Link","Dummy Junction2 (99)","Demand Site","Davis","local reservoir"
"Transmission ","Transmission Link","Dummy Junction2 (99)","Demand Site","Davis","local reservoir"
"Transmission ","Transmission Link","Dummy Junction2 (99)","Demand Site","Davis","local reservoir"
"Transmission ","Transmission Link","Dummy Junction2 (99)","Demand Site","Davis","local reservoir"
"Transmission ","Transmission Link","Dummy Junction2 (99)","Demand Site","Davis","local reservoir"
"Transmission ","Transmission Link","Dummy Junction2 (99)","Demand Site","Davis","local reservoir"
"Transmission ","Transmission Link","Dummy Junction2 (99)","Demand Site","Davis","local reservoir"
"Transmission ","Transmission Link","Dummy Junction2 (99)","Demand Site","Davis","local reservoir"
"Transmission ","Transmission Link","Dummy Junction2 (99)","Demand Site","Davis","local reservoir"
"Transmission ","Transmission Link","Dummy Junction2 (99)","Demand Site","Davis","local reservoir"
"Transmission ","Transmission Link","Dummy Junction2 (99)","Demand Site","Davis","local reservoir"
"Transmission ","Transmission Link","Dummy Junction2 (99)","Demand Site","Davis","local reservoir"
"Transmission ","Transmission Link","Dummy Junction2 (99)","Demand Site","Davis","local reservoir"
"Transmission ","Transmission Link","Dummy Junction2 (99)","Demand Site","Davis","local reservoir"
"Transmission ","Transmission Link","Dummy Junction2 (99)","Demand Site","Davis","local reservoir"
"Transmission ","Transmission Link","Dummy Junction2 (99)","Demand Site","Davis","local reservoir"
"Transmission ","Transmission Link","Dummy Junction2 (99)","Demand Site","Davis","local reservoir"
"Transmission ","Transmission Link","Dummy Junction2 (99)","Demand Site","Davis","local reservoir"
"Transmission ","Transmission Link","Dummy Junction2 (99)","Demand Site","Davis","local reservoir"
"Transmission ","Transmission Link","Dummy Junction2 (99)","Demand Site","Davis","local reservoir"
"Transmission ","Transmission Link","Dummy Junction2 (99)","Demand Site","Davis","local reservoir"
"Transmission ","Transmission Link","Dummy Junction2 (99)","Demand Site","Davis","local reservoir"
"Transmission ","Transmission Link","Dummy Junction2 (99)","Demand Site","Davis","local reservoir"
"Transmission ","Transmission Link","Dummy Junction2 (99)","Demand Site","Davis","local reservoir"
"Transmission ","Transmission Link","Dummy Junction2 (99)","Demand Site","Davis","local reservoir"
"Transmission ","Transmission Link","Dummy Junction2 (99)","Demand Site","Davis","local reservoir"
"Transmission ","Transmission Link","Dummy Junction2 (99)","Demand Site","Davis","local reservoir"
"Transmission ","Transmission Link","Dummy Junction2 (99)","Demand Site","Davis","local reservoir"
"Transmission ","Transmission Link","Dummy Junction2 (99)","Demand Site","Willard Bay (15)","local reservoir"
"Transmission ","Transmission Link","Dummy Junction2 (99)","Demand Site","Willard Bay (15)","local reservoir"
"Transmission ","Transmission Link","Dummy Junction2 (99)","Demand Site","Willard Bay (15)","local reservoir"
"Transmission ","Transmission Link","Dummy Junction2 (99)","Demand Site","Willard Bay (15)","local reservoir"
"Transmission ","Transmission Link","Dummy Junction2 (99)","Demand Site","Willard Bay (15)","local reservoir"
"Transmission ","Transmission Link","Dummy Junction2 (99)","Demand Site","Willard Bay (15)","local reservoir"
"Transmission ","Transmission Link","Dummy Junction2 (99)","Demand Site","Willard Bay (15)","local reservoir"
"Transmission ","Transmission Link","Dummy Junction2 (99)","Demand Site","Willard Bay (15)","local reservoir"
"Transmission ","Transmission Link","Dummy Junction2 (99)","Demand Site","Willard Bay (15)","local reservoir"
"Transmission ","Transmission Link","Dummy Junction2 (99)","Demand Site","Willard Bay (15)","local reservoir"
"Transmission ","Transmission Link","Dummy Junction2 (99)","Demand Site","Willard Bay (15)","local reservoir"
"Transmission ","Transmission Link","Dummy Junction2 (99)","Demand Site","Willard Bay (15)","local reservoir"
"Transmission ","Transmission Link","Dummy Junction2 (99)","Demand Site","Willard Bay (15)","local reservoir"
"Transmission ","Transmission Link","Dummy Junction2 (99)","Demand Site","Willard Bay (15)","local reservoir"
"Transmission ","Transmission Link","Dummy Junction2 (99)","Demand Site","Willard Bay (15)","local reservoir"
"Transmission ","Transmission Link","Dummy Junction2 (99)","Demand Site","Willard Bay (15)","local reservoir"
"Transmission ","Transmission Link","Dummy Junction2 (99)","Demand Site","Willard Bay (15)","local reservoir"
"Transmission ","Transmission Link","Dummy Junction2 (99)","Demand Site","Willard Bay (15)","local reservoir"
"Transmission ","Transmission Link","Dummy Junction2 (99)","Demand Site","Willard Bay (15)","local reservoir"
"Transmission ","Transmission Link","Dummy Junction2 (99)","Demand Site","Willard Bay (15)","local reservoir"
"Transmission ","Transmission Link","Dummy Junction2 (99)","Demand Site","Willard Bay (15)","local reservoir"
"Transmission ","Transmission Link","Dummy Junction2 (99)","Demand Site","Willard Bay (15)","local reservoir"
"Transmission ","Transmission Link","Dummy Junction2 (99)","Demand Site","Willard Bay (15)","local reservoir"
"Transmission ","Transmission Link","Dummy Junction2 (99)","Demand Site","Willard Bay (15)","local reservoir"
"Transmission ","Transmission Link","Dummy Junction2 (99)","Demand Site","Willard Bay (15)","local reservoir"
"Transmission ","Transmission Link","Dummy Junction2 (99)","Demand Site","Willard Bay (15)","local reservoir"
"Transmission ","Transmission Link","Dummy Junction2 (99)","Demand Site","Willard Bay (15)","local reservoir"
"Transmission ","Transmission Link","Dummy Junction2 (99)","Demand Site","Willard Bay (15)","local reservoir"
"Transmission ","Transmission Link","Dummy Junction2 (99)","Demand Site","Willard Bay (15)","local reservoir"
"Transmission ","Transmission Link","Dummy Junction2 (99)","Demand Site","Willard Bay (15)","local reservoir"
"Transmission ","Transmission Link","Dummy Junction2 (99)","Demand Site","Willard Bay (15)","local reservoir"
"Transmission ","Transmission Link","Dummy Junction2 (99)","Demand Site","Willard Bay (15)","local reservoir"
"Transmission ","Transmission Link","Willard Bay (15)","local reservoir","Dummy Junction2 (99)","Demand Site"
"Transmission ","Transmission Link","Willard Bay (15)","local reservoir","Dummy Junction2 (99)","Demand Site"
"Transmission ","Transmission Link","Willard Bay (15)","local reservoir","Dummy Junction2 (99)","Demand Site"
"Transmission ","Transmission Link","Willard Bay (15)","local reservoir","Dummy Junction2 (99)","Demand Site"
"Transmission ","Transmission Link","Willard Bay (15)","local reservoir","Dummy Junction2 (99)","Demand Site"
"Transmission ","Transmission Link","Willard Bay (15)","local reservoir","Dummy Junction2 (99)","Demand Site"
"Transmission ","Transmission Link","Willard Bay (15)","local reservoir","Dummy Junction2 (99)","Demand Site"
"Transmission ","Transmission Link","Willard Bay (15)","local reservoir","Dummy Junction2 (99)","Demand Site"
"Transmission ","Transmission Link","Willard Bay (15)","local reservoir","Dummy Junction2 (99)","Demand Site"
"Transmission ","Transmission Link","Willard Bay (15)","local reservoir","Dummy Junction2 (99)","Demand Site"
"Transmission ","Transmission Link","Willard Bay (15)","local reservoir","Dummy Junction2 (99)","Demand Site"
"Transmission ","Transmission Link","Willard Bay (15)","local reservoir","Dummy Junction2 (99)","Demand Site"
"Transmission ","Transmission Link","Willard Bay (15)","local reservoir","Dummy Junction2 (99)","Demand Site"
"Transmission ","Transmission Link","Willard Bay (15)","local reservoir","Dummy Junction2 (99)","Demand Site"
"Transmission ","Transmission Link","Willard Bay (15)","local reservoir","Dummy Junction2 (99)","Demand Site"
"Transmission ","Transmission Link","Willard Bay (15)","local reservoir","Dummy Junction2 (99)","Demand Site"
"Transmission ","Transmission Link","Willard Bay (15)","local reservoir","Dummy Junction2 (99)","Demand Site"
"Transmission ","Transmission Link","Willard Bay (15)","local reservoir","Dummy Junction2 (99)","Demand Site"
"Transmission ","Transmission Link","Willard Bay (15)","local reservoir","Dummy Junction2 (99)","Demand Site"
"Transmition Link from Withdrawal Node 5 to Barrens","Transmission Link","Withdrawal Node 8","River Withdrawal","Barrens (20)","local reservoir"
"Transmition Link from Withdrawal Node 5 to Barrens","Transmission Link","Withdrawal Node 8","River Withdrawal","Barrens (20)","local reservoir"
"Transmition Link from Withdrawal Node 5 to Barrens","Transmission Link","Withdrawal Node 8","River Withdrawal","Barrens (20)","local reservoir"
"Transmition Link from Withdrawal Node 5 to Barrens","Transmission Link","Withdrawal Node 8","River Withdrawal","Barrens (20)","local reservoir"
"Transmition Link from Withdrawal Node 5 to Barrens","Transmission Link","Withdrawal Node 8","River Withdrawal","Barrens (20)","local reservoir"
"Transmition Link from Withdrawal Node 5 to Barrens","Transmission Link","Withdrawal Node 8","River Withdrawal","Barrens (20)","local reservoir"
"Transmition Link from Withdrawal Node 5 to Barrens","Transmission Link","Withdrawal Node 8","River Withdrawal","Barrens (20)","local reservoir"
"Transmition Link from Withdrawal Node 5 to Barrens","Transmission Link","Withdrawal Node 8","River Withdrawal","Barrens (20)","local reservoir"
"Transmition Link from Withdrawal Node 5 to Barrens","Transmission Link","Withdrawal Node 8","River Withdrawal","Barrens (20)","local reservoir"
"Transmition Link from Withdrawal Node 5 to Barrens","Transmission Link","Withdrawal Node 8","River Withdrawal","Barrens (20)","local reservoir"
"Transmition Link from Withdrawal Node 5 to Barrens","Transmission Link","Withdrawal Node 8","River Withdrawal","Barrens (20)","local reservoir"
"Transmition Link from Withdrawal Node 5 to Barrens","Transmission Link","Withdrawal Node 8","River Withdrawal","Barrens (20)","local reservoir"
"Transmition Link from Withdrawal Node 5 to Barrens","Transmission Link","Withdrawal Node 8","River Withdrawal","Barrens (20)","local reservoir"
"Transmition Link from Withdrawal Node 5 to Barrens","Transmission Link","Withdrawal Node 8","River Withdrawal","Barrens (20)","local reservoir"
"Transmition Link from Withdrawal Node 5 to Barrens","Transmission Link","Withdrawal Node 8","River Withdrawal","Barrens (20)","local reservoir"
"Transmition Link from Withdrawal Node 5 to Barrens","Transmission Link","Withdrawal Node 8","River Withdrawal","Barrens (20)","local reservoir"
"Transmition Link from Withdrawal Node 5 to Barrens","Transmission Link","Withdrawal Node 8","River Withdrawal","Barrens (20)","local reservoir"
"Transmition Link from Withdrawal Node 5 to Barrens","Transmission Link","Withdrawal Node 8","River Withdrawal","Barrens (20)","local reservoir"
"Transmition Link from Withdrawal Node 5 to Barrens","Transmission Link","Withdrawal Node 8","River Withdrawal","Barrens (20)","local reservoir"
"Transmition Link from Withdrawal Node 5 to Barrens","Transmission Link","Withdrawal Node 8","River Withdrawal","Barrens (20)","local reservoir"
"Transmition Link from Withdrawal Node 5 to Barrens","Transmission Link","Withdrawal Node 8","River Withdrawal","Barrens (20)","local reservoir"
"Transmition Link from Withdrawal Node 5 to Barrens","Transmission Link","Withdrawal Node 8","River Withdrawal","Barrens (20)","local reservoir"
"Transmition Link from Withdrawal Node 5 to Barrens","Transmission Link","Withdrawal Node 8","River Withdrawal","Barrens (20)","local reservoir"
"Transmition Link from Withdrawal Node 5 to Barrens","Transmission Link","Withdrawal Node 8","River Withdrawal","Barrens (20)","local reservoir"
"Transmition Link from Withdrawal Node 5 to Barrens","Transmission Link","Withdrawal Node 8","River Withdrawal","Barrens (20)","local reservoir"
"Transmition Link from Withdrawal Node 5 to Barrens","Transmission Link","Withdrawal Node 8","River Withdrawal","Barrens (20)","local reservoir"
"Transmition Link from Withdrawal Node 5 to Barrens","Transmission Link","Withdrawal Node 8","River Withdrawal","Barrens (20)","local reservoir"
"Transmition Link from Withdrawal Node 5 to Barrens","Transmission Link","Withdrawal Node 8","River Withdrawal","Barrens (20)","local reservoir"
"Transmition Link from Withdrawal Node 5 to Barrens","Transmission Link","Withdrawal Node 8","River Withdrawal","Barrens (20)","local reservoir"
"Transmition Link from Withdrawal Node 5 to Barrens","Transmission Link","Withdrawal Node 8","River Withdrawal","Barrens (20)","local reservoir"
"Transmition Link from Withdrawal Node 5 to Barrens","Transmission Link","Withdrawal Node 8","River Withdrawal","Barrens (20)","local reservoir"
"Transmition Link from Withdrawal Node 5 to Barrens","Transmission Link","Withdrawal Node 8","River Withdrawal","Barrens (20)","local reservoir"
"Transmition Link from withdrawal Node 5","Transmission Link","Box Elder GW;Imports","Groundwater","Box Elder;County Urban (6)","Demand Site"
"Transmition Link from withdrawal Node 5","Transmission Link","Box Elder GW;Imports","Groundwater","Box Elder;County Urban (6)","Demand Site"
"Transmition Link from withdrawal Node 5","Transmission Link","Box Elder GW;Imports","Groundwater","Box Elder;County Urban (6)","Demand Site"
"Transmition Link from withdrawal Node 5","Transmission Link","Box Elder GW;Imports","Groundwater","Box Elder;County Urban (6)","Demand Site"
"Transmition Link from withdrawal Node 5","Transmission Link","Box Elder GW;Imports","Groundwater","Box Elder;County Urban (6)","Demand Site"
"Transmition Link from withdrawal Node 5","Transmission Link","Box Elder GW;Imports","Groundwater","Box Elder;County Urban (6)","Demand Site"
"Transmition Link from withdrawal Node 5","Transmission Link","Box Elder GW;Imports","Groundwater","Box Elder;County Urban (6)","Demand Site"
"Transmition Link from withdrawal Node 5","Transmission Link","Box Elder GW;Imports","Groundwater","Box Elder;County Urban (6)","Demand Site"
"Transmition Link from withdrawal Node 5","Transmission Link","Box Elder GW;Imports","Groundwater","Box Elder;County Urban (6)","Demand Site"
"Transmition Link from withdrawal Node 5","Transmission Link","Box Elder GW;Imports","Groundwater","Box Elder;County Urban (6)","Demand Site"
"Transmition Link from withdrawal Node 5","Transmission Link","Box Elder GW;Imports","Groundwater","Box Elder;County Urban (6)","Demand Site"
"Transmition Link from withdrawal Node 5","Transmission Link","Box Elder GW;Imports","Groundwater","Box Elder;County Urban (6)","Demand Site"
"Transmition Link from withdrawal Node 5","Transmission Link","Box Elder GW;Imports","Groundwater","Box Elder;County Urban (6)","Demand Site"
"Transmition Link from withdrawal Node 5","Transmission Link","Box Elder GW;Imports","Groundwater","Box Elder;County Urban (6)","Demand Site"
"Transmition Link from withdrawal Node 5","Transmission Link","Box Elder GW;Imports","Groundwater","Box Elder;County Urban (6)","Demand Site"
"Transmition Link from withdrawal Node 5","Transmission Link","Box Elder GW;Imports","Groundwater","Box Elder;County Urban (6)","Demand Site"
"Transmition Link from withdrawal Node 5","Transmission Link","Box Elder GW;Imports","Groundwater","Box Elder;County Urban (6)","Demand Site"
"Transmition Link from withdrawal Node 5","Transmission Link","Box Elder GW;Imports","Groundwater","Box Elder;County Urban (6)","Demand Site"
"Transmition Link from withdrawal Node 5","Transmission Link","Box Elder GW;Imports","Groundwater","Box Elder;County Urban (6)","Demand Site"
"Transmition Link from Box Elder GW Imports","Transmission Link","Withdrawal","River Withdrawal","Box Elder;County Urban (6)","Demand Site"
"Transmition Link from Box Elder GW Imports","Transmission Link","Withdrawal","River Withdrawal","Box Elder;County Urban (6)","Demand Site"
"Transmition Link from Box Elder GW Imports","Transmission Link","Withdrawal","River Withdrawal","Box Elder;County Urban (6)","Demand Site"
"Transmition Link from Box Elder GW Imports","Transmission Link","Withdrawal","River Withdrawal","Box Elder;County Urban (6)","Demand Site"
"Transmition Link from Box Elder GW Imports","Transmission Link","Withdrawal","River Withdrawal","Box Elder;County Urban (6)","Demand Site"
"Transmition Link from Box Elder GW Imports","Transmission Link","Withdrawal","River Withdrawal","Box Elder;County Urban (6)","Demand Site"
"Transmition Link from Box Elder GW Imports","Transmission Link","Withdrawal","River Withdrawal","Box Elder;County Urban (6)","Demand Site"
"Transmition Link from Box Elder GW Imports","Transmission Link","Withdrawal","River Withdrawal","Box Elder;County Urban (6)","Demand Site"
"Transmition Link from Box Elder GW Imports","Transmission Link","Withdrawal","River Withdrawal","Box Elder;County Urban (6)","Demand Site"
"Transmition Link from Box Elder GW Imports","Transmission Link","Withdrawal","River Withdrawal","Box Elder;County Urban (6)","Demand Site"
"Transmition Link from Box Elder GW Imports","Transmission Link","Withdrawal","River Withdrawal","Box Elder;County Urban (6)","Demand Site"
"Transmition Link from Box Elder GW Imports","Transmission Link","Withdrawal","River Withdrawal","Box Elder;County Urban (6)","Demand Site"
"Transmition Link from Box Elder GW Imports","Transmission Link","Withdrawal","River Withdrawal","Box Elder;County Urban (6)","Demand Site"
"Transmition Link from Box Elder GW Imports","Transmission Link","Withdrawal","River Withdrawal","Box Elder;County Urban (6)","Demand Site"
"Transmition Link from Box Elder GW Imports","Transmission Link","Withdrawal","River Withdrawal","Box Elder;County Urban (6)","Demand Site"
"Transmition Link from Box Elder GW Imports","Transmission Link","Withdrawal","River Withdrawal","Box Elder;County Urban (6)","Demand Site"
"Transmition Link from Box Elder GW Imports","Transmission Link","Withdrawal","River Withdrawal","Box Elder;County Urban (6)","Demand Site"
"Transmition Link from Box Elder GW Imports","Transmission Link","Withdrawal","River Withdrawal","Box Elder;County Urban (6)","Demand Site"
"Transmition Link from Box Elder GW Imports","Transmission Link","Withdrawal","River Withdrawal","Box Elder;County Urban (6)","Demand Site"
"Transmission ","Transmission Link","Mainstem (20)","Reservoir","Dummy Junction2 (99)","Demand Site"
"Transmission ","Transmission Link","Mainstem (20)","Reservoir","Dummy Junction2 (99)","Demand Site"
"Transmission ","Transmission Link","Mainstem (20)","Reservoir","Dummy Junction2 (99)","Demand Site"
"Transmission ","Transmission Link","Mainstem (20)","Reservoir","Dummy Junction2 (99)","Demand Site"
"Transmission ","Transmission Link","Mainstem (20)","Reservoir","Dummy Junction2 (99)","Demand Site"
"Transmission ","Transmission Link","Mainstem (20)","Reservoir","Dummy Junction2 (99)","Demand Site"
"Transmission ","Transmission Link","Mainstem (20)","Reservoir","Dummy Junction2 (99)","Demand Site"
"Transmission ","Transmission Link","Mainstem (20)","Reservoir","Dummy Junction2 (99)","Demand Site"
"Transmission ","Transmission Link","Mainstem (20)","Reservoir","Dummy Junction2 (99)","Demand Site"
"Transmission ","Transmission Link","Mainstem (20)","Reservoir","Dummy Junction2 (99)","Demand Site"
"Transmission ","Transmission Link","Mainstem (20)","Reservoir","Dummy Junction2 (99)","Demand Site"
"Transmission ","Transmission Link","Mainstem (20)","Reservoir","Dummy Junction2 (99)","Demand Site"
"Transmission ","Transmission Link","Mainstem (20)","Reservoir","Dummy Junction2 (99)","Demand Site"
"Transmission ","Transmission Link","Mainstem (20)","Reservoir","Dummy Junction2 (99)","Demand Site"
"Transmission ","Transmission Link","Mainstem (20)","Reservoir","Dummy Junction2 (99)","Demand Site"
"Transmission ","Transmission Link","Mainstem (20)","Reservoir","Dummy Junction2 (99)","Demand Site"
"Transmission ","Transmission Link","Mainstem (20)","Reservoir","Dummy Junction2 (99)","Demand Site"
"Transmission ","Transmission Link","Mainstem (20)","Reservoir","Dummy Junction2 (99)","Demand Site"
"Transmission ","Transmission Link","Mainstem (20)","Reservoir","Dummy Junction2 (99)","Demand Site"
"Transmission ","Transmission Link","Washakie (20)","local reservoir","Dummy Junction2 (99)","Demand Site"
"Transmission ","Transmission Link","Washakie (20)","local reservoir","Dummy Junction2 (99)","Demand Site"
"Transmission ","Transmission Link","Washakie (20)","local reservoir","Dummy Junction2 (99)","Demand Site"
"Transmission ","Transmission Link","Washakie (20)","local reservoir","Dummy Junction2 (99)","Demand Site"
"Transmission ","Transmission Link","Washakie (20)","local reservoir","Dummy Junction2 (99)","Demand Site"
"Transmission ","Transmission Link","Washakie (20)","local reservoir","Dummy Junction2 (99)","Demand Site"
"Transmission ","Transmission Link","Washakie (20)","local reservoir","Dummy Junction2 (99)","Demand Site"
"Transmission ","Transmission Link","Washakie (20)","local reservoir","Dummy Junction2 (99)","Demand Site"
"Transmission ","Transmission Link","Washakie (20)","local reservoir","Dummy Junction2 (99)","Demand Site"
"Transmission ","Transmission Link","Washakie (20)","local reservoir","Dummy Junction2 (99)","Demand Site"
"Transmission ","Transmission Link","Washakie (20)","local reservoir","Dummy Junction2 (99)","Demand Site"
"Transmission ","Transmission Link","Washakie (20)","local reservoir","Dummy Junction2 (99)","Demand Site"
"Transmission ","Transmission Link","Washakie (20)","local reservoir","Dummy Junction2 (99)","Demand Site"
"Transmission ","Transmission Link","Washakie (20)","local reservoir","Dummy Junction2 (99)","Demand Site"
"Transmission ","Transmission Link","Washakie (20)","local reservoir","Dummy Junction2 (99)","Demand Site"
"Transmission ","Transmission Link","Washakie (20)","local reservoir","Dummy Junction2 (99)","Demand Site"
"Transmission ","Transmission Link","Washakie (20)","local reservoir","Dummy Junction2 (99)","Demand Site"
"Transmission ","Transmission Link","Washakie (20)","local reservoir","Dummy Junction2 (99)","Demand Site"
"Transmission ","Transmission Link","Washakie (20)","local reservoir","Dummy Junction2 (99)","Demand Site"
"Transmission ","Transmission Link","Withdrawal Node 2","River Withdrawal","Dummy Junction2 (99)","Demand Site"
"Transmission ","Transmission Link","Withdrawal Node 2","River Withdrawal","Dummy Junction2 (99)","Demand Site"
"Transmission ","Transmission Link","Withdrawal Node 2","River Withdrawal","Dummy Junction2 (99)","Demand Site"
"Transmission ","Transmission Link","Withdrawal Node 2","River Withdrawal","Dummy Junction2 (99)","Demand Site"
"Transmission ","Transmission Link","Withdrawal Node 2","River Withdrawal","Dummy Junction2 (99)","Demand Site"
"Transmission ","Transmission Link","Withdrawal Node 2","River Withdrawal","Dummy Junction2 (99)","Demand Site"
"Transmission ","Transmission Link","Withdrawal Node 2","River Withdrawal","Dummy Junction2 (99)","Demand Site"
"Transmission ","Transmission Link","Withdrawal Node 2","River Withdrawal","Dummy Junction2 (99)","Demand Site"
"Transmission ","Transmission Link","Withdrawal Node 2","River Withdrawal","Dummy Junction2 (99)","Demand Site"
"Transmission ","Transmission Link","Withdrawal Node 2","River Withdrawal","Dummy Junction2 (99)","Demand Site"
"Transmission ","Transmission Link","Withdrawal Node 2","River Withdrawal","Dummy Junction2 (99)","Demand Site"
"Transmission ","Transmission Link","Withdrawal Node 2","River Withdrawal","Dummy Junction2 (99)","Demand Site"
"Transmission ","Transmission Link","Withdrawal Node 2","River Withdrawal","Dummy Junction2 (99)","Demand Site"
"Transmission ","Transmission Link","Withdrawal Node 2","River Withdrawal","Dummy Junction2 (99)","Demand Site"
"Transmission ","Transmission Link","Withdrawal Node 2","River Withdrawal","Dummy Junction2 (99)","Demand Site"
"Transmission ","Transmission Link","Withdrawal Node 2","River Withdrawal","Dummy Junction2 (99)","Demand Site"
"Transmission ","Transmission Link","Withdrawal Node 2","River Withdrawal","Dummy Junction2 (99)","Demand Site"
"Transmission ","Transmission Link","Withdrawal Node 2","River Withdrawal","Dummy Junction2 (99)","Demand Site"
"Transmission ","Transmission Link","Withdrawal Node 2","River Withdrawal","Dummy Junction2 (99)","Demand Site"
"Transmition Link from Barrens to Dummy Junction 2","Transmission Link","Barrens (20)","local reservoir","Dummy Junction2 (99)","Demand Site"
"Transmition Link from Barrens to Dummy Junction 2","Transmission Link","Barrens (20)","local reservoir","Dummy Junction2 (99)","Demand Site"
"Transmition Link from Barrens to Dummy Junction 2","Transmission Link","Barrens (20)","local reservoir","Dummy Junction2 (99)","Demand Site"
"Transmition Link from Barrens to Dummy Junction 2","Transmission Link","Barrens (20)","local reservoir","Dummy Junction2 (99)","Demand Site"
"Transmition Link from Barrens to Dummy Junction 2","Transmission Link","Barrens (20)","local reservoir","Dummy Junction2 (99)","Demand Site"
"Transmition Link from Barrens to Dummy Junction 2","Transmission Link","Barrens (20)","local reservoir","Dummy Junction2 (99)","Demand Site"
"Transmition Link from Barrens to Dummy Junction 2","Transmission Link","Barrens (20)","local reservoir","Dummy Junction2 (99)","Demand Site"
"Transmition Link from Barrens to Dummy Junction 2","Transmission Link","Barrens (20)","local reservoir","Dummy Junction2 (99)","Demand Site"
"Transmition Link from Barrens to Dummy Junction 2","Transmission Link","Barrens (20)","local reservoir","Dummy Junction2 (99)","Demand Site"
"Transmition Link from Barrens to Dummy Junction 2","Transmission Link","Barrens (20)","local reservoir","Dummy Junction2 (99)","Demand Site"
"Transmition Link from Barrens to Dummy Junction 2","Transmission Link","Barrens (20)","local reservoir","Dummy Junction2 (99)","Demand Site"
"Transmition Link from Barrens to Dummy Junction 2","Transmission Link","Barrens (20)","local reservoir","Dummy Junction2 (99)","Demand Site"
"Transmition Link from Barrens to Dummy Junction 2","Transmission Link","Barrens (20)","local reservoir","Dummy Junction2 (99)","Demand Site"
"Transmition Link from Barrens to Dummy Junction 2","Transmission Link","Barrens (20)","local reservoir","Dummy Junction2 (99)","Demand Site"
"Transmition Link from Barrens to Dummy Junction 2","Transmission Link","Barrens (20)","local reservoir","Dummy Junction2 (99)","Demand Site"
"Transmition Link from Barrens to Dummy Junction 2","Transmission Link","Barrens (20)","local reservoir","Dummy Junction2 (99)","Demand Site"
"Transmition Link from Barrens to Dummy Junction 2","Transmission Link","Barrens (20)","local reservoir","Dummy Junction2 (99)","Demand Site"
"Transmition Link from Barrens to Dummy Junction 2","Transmission Link","Barrens (20)","local reservoir","Dummy Junction2 (99)","Demand Site"
"Transmition Link from Barrens to Dummy Junction 2","Transmission Link","Barrens (20)","local reservoir","Dummy Junction2 (99)","Demand Site"